{
  "$schema": "https://schema.management.azure.com/schemas/2018-05-01/subscriptionDeploymentTemplate.json#",
  "contentVersion": "1.0.0.0",
  "resources": [
    {
      "type": "Microsoft.Resources/resourceGroups",
      "name": "oscore-web",
      "location": "uksouth",
      "apiVersion": "2019-10-01"
    },
    {
      "type": "Microsoft.Resources/deployments",
      "name": "[concat('oscore-webDeployment', uniqueString(subscription().subscriptionId))]",
      "resourceGroup": "oscore-web",
      "apiVersion": "2019-10-01",
      "dependsOn": [
        "oscore-web"
      ],
      "properties": {
        "mode": "Incremental",
        "template": {
          "$schema": "https://schema.management.azure.com/schemas/2015-01-01/deploymentTemplate.json#",
          "contentVersion": "1.0.0.0",
          "resources": [
            {
              "id": "/subscriptions/94de5174-f00f-4973-b4b6-5f99edd7100b/resourceGroups/oscore-web/providers/Microsoft.Web/sites/BlazorAppHostedServer20200420134456",
              "name": "BlazorAppHostedServer20200420134456",
              "type": "Microsoft.Web/sites",
              "kind": "app",
              "location": "UK South",
              "tags": {
                "hidden-related:/subscriptions/94de5174-f00f-4973-b4b6-5f99edd7100b/resourceGroups/oscore-web/providers/Microsoft.Web/serverfarms/BlazorAppHostedServer20200420134456Plan": "empty"
              },
              "properties": {
                "name": "BlazorAppHostedServer20200420134456",
                "state": "Running",
                "hostNames": [
                  "oscore.io",
                  "www.oscore.io",
                  "www.oscore.co.uk",
                  "blazorapphostedserver20200420134456.azurewebsites.net"
                ],
                "webSpace": "oscore-web-UKSouthwebspace",
                "selfLink": "https://waws-prod-ln1-001.api.azurewebsites.windows.net:454/subscriptions/94de5174-f00f-4973-b4b6-5f99edd7100b/webspaces/oscore-web-UKSouthwebspace/sites/BlazorAppHostedServer20200420134456",
                "repositorySiteName": "BlazorAppHostedServer20200420134456",
                "owner": null,
                "usageState": 0,
                "enabled": true,
                "adminEnabled": true,
                "enabledHostNames": [
                  "oscore.io",
                  "www.oscore.co.uk",
                  "www.oscore.io",
                  "blazorapphostedserver20200420134456.azurewebsites.net",
                  "blazorapphostedserver20200420134456.scm.azurewebsites.net"
                ],
                "siteProperties": {
                  "metadata": null,
                  "properties": [
                    {
                      "name": "LinuxFxVersion",
                      "value": ""
                    },
                    {
                      "name": "WindowsFxVersion",
                      "value": null
                    }
                  ],
                  "appSettings": null
                },
                "availabilityState": 0,
                "sslCertificates": null,
                "csrs": [],
                "cers": null,
                "siteMode": null,
                "hostNameSslStates": [
                  {
                    "name": "blazorapphostedserver20200420134456.azurewebsites.net",
                    "sslState": 0,
                    "ipBasedSslResult": null,
                    "virtualIP": null,
                    "thumbprint": null,
                    "toUpdate": null,
                    "toUpdateIpBasedSsl": null,
                    "ipBasedSslState": 0,
                    "hostType": 0
                  },
                  {
                    "name": "oscore.io",
                    "sslState": 1,
                    "ipBasedSslResult": null,
                    "virtualIP": null,
                    "thumbprint": "68DFAD4D594EF45D0483E56ABC89CA5C498DFC41",
                    "toUpdate": null,
                    "toUpdateIpBasedSsl": null,
                    "ipBasedSslState": 0,
                    "hostType": 0
                  },
                  {
                    "name": "www.oscore.co.uk",
                    "sslState": 1,
                    "ipBasedSslResult": null,
                    "virtualIP": null,
                    "thumbprint": "863D1DB654BFC6DA292E028CFA08338E15D3BC4A",
                    "toUpdate": null,
                    "toUpdateIpBasedSsl": null,
                    "ipBasedSslState": 0,
                    "hostType": 0
                  },
                  {
                    "name": "www.oscore.io",
                    "sslState": 1,
                    "ipBasedSslResult": null,
                    "virtualIP": null,
                    "thumbprint": "BEF41D43F116701B0C3F3317FD901852643CEA96",
                    "toUpdate": null,
                    "toUpdateIpBasedSsl": null,
                    "ipBasedSslState": 0,
                    "hostType": 0
                  },
                  {
                    "name": "blazorapphostedserver20200420134456.scm.azurewebsites.net",
                    "sslState": 0,
                    "ipBasedSslResult": null,
                    "virtualIP": null,
                    "thumbprint": null,
                    "toUpdate": null,
                    "toUpdateIpBasedSsl": null,
                    "ipBasedSslState": 0,
                    "hostType": 1
                  }
                ],
                "computeMode": null,
                "serverFarm": null,
                "serverFarmId": "/subscriptions/94de5174-f00f-4973-b4b6-5f99edd7100b/resourceGroups/oscore-web/providers/Microsoft.Web/serverfarms/BlazorAppHostedServer20200420134456Plan",
                "reserved": false,
                "isXenon": false,
                "hyperV": false,
                "lastModifiedTimeUtc": "2020-06-08T13:07:50.573",
                "storageRecoveryDefaultState": "Running",
                "contentAvailabilityState": 0,
                "runtimeAvailabilityState": 0,
                "siteConfig": {
                  "numberOfWorkers": null,
                  "defaultDocuments": null,
                  "netFrameworkVersion": null,
                  "phpVersion": null,
                  "pythonVersion": null,
                  "nodeVersion": null,
                  "powerShellVersion": null,
                  "linuxFxVersion": null,
                  "windowsFxVersion": null,
                  "requestTracingEnabled": null,
                  "remoteDebuggingEnabled": null,
                  "remoteDebuggingVersion": null,
                  "httpLoggingEnabled": null,
                  "azureMonitorLogCategories": null,
                  "acrUseManagedIdentityCreds": false,
                  "acrUserManagedIdentityID": null,
                  "logsDirectorySizeLimit": null,
                  "detailedErrorLoggingEnabled": null,
                  "publishingUsername": null,
                  "publishingPassword": null,
                  "appSettings": null,
                  "metadata": null,
                  "connectionStrings": null,
                  "machineKey": null,
                  "handlerMappings": null,
                  "documentRoot": null,
                  "scmType": null,
                  "use32BitWorkerProcess": null,
                  "webSocketsEnabled": null,
                  "alwaysOn": null,
                  "javaVersion": null,
                  "javaContainer": null,
                  "javaContainerVersion": null,
                  "appCommandLine": null,
                  "managedPipelineMode": null,
                  "virtualApplications": null,
                  "winAuthAdminState": null,
                  "winAuthTenantState": null,
                  "customAppPoolIdentityAdminState": null,
                  "customAppPoolIdentityTenantState": null,
                  "runtimeADUser": null,
                  "runtimeADUserPassword": null,
                  "loadBalancing": null,
                  "routingRules": null,
                  "experiments": null,
                  "limits": null,
                  "autoHealEnabled": null,
                  "autoHealRules": null,
                  "tracingOptions": null,
                  "vnetName": null,
                  "cors": null,
                  "push": null,
                  "apiDefinition": null,
                  "apiManagementConfig": null,
                  "autoSwapSlotName": null,
                  "localMySqlEnabled": null,
                  "managedServiceIdentityId": null,
                  "xManagedServiceIdentityId": null,
                  "ipSecurityRestrictions": null,
                  "scmIpSecurityRestrictions": null,
                  "scmIpSecurityRestrictionsUseMain": null,
                  "http20Enabled": null,
                  "minTlsVersion": null,
                  "ftpsState": null,
                  "preWarmedInstanceCount": null,
                  "healthCheckPath": null,
                  "fileChangeAuditEnabled": null,
                  "functionsRuntimeScaleMonitoringEnabled": null,
                  "websiteTimeZone": null,
                  "minimumElasticInstanceCount": 0
                },
                "deploymentId": "blazorapphostedserver20200420134456__993e",
                "trafficManagerHostNames": null,
                "sku": "Standard",
                "scmSiteAlsoStopped": false,
                "targetSwapSlot": null,
                "hostingEnvironment": null,
                "hostingEnvironmentProfile": null,
                "clientAffinityEnabled": true,
                "clientCertEnabled": false,
                "clientCertMode": 0,
                "clientCertExclusionPaths": null,
                "hostNamesDisabled": false,
                "domainVerificationIdentifiers": null,
                "customDomainVerificationId": "CD39ADF8063CFB4CAF5FF89E60E81069E612E90401093194B030DC919751F242",
                "kind": "app",
                "inboundIpAddress": "51.140.191.223",
                "possibleInboundIpAddresses": "51.140.191.223",
                "ftpUsername": "BlazorAppHostedServer20200420134456\\$BlazorAppHostedServer20200420134456",
                "ftpsHostName": "ftps://waws-prod-ln1-001.ftp.azurewebsites.windows.net/site/wwwroot",
                "outboundIpAddresses": "51.140.191.169,51.140.191.238,51.140.191.194,51.140.191.232",
                "possibleOutboundIpAddresses": "51.140.191.169,51.140.191.238,51.140.191.194,51.140.191.232",
                "containerSize": 0,
                "dailyMemoryTimeQuota": 0,
                "suspendedTill": null,
                "siteDisabledReason": 0,
                "functionExecutionUnitsCache": null,
                "maxNumberOfWorkers": null,
                "homeStamp": "waws-prod-ln1-001",
                "cloningInfo": null,
                "hostingEnvironmentId": null,
                "tags": {
                  "hidden-related:/subscriptions/94de5174-f00f-4973-b4b6-5f99edd7100b/resourceGroups/oscore-web/providers/Microsoft.Web/serverfarms/BlazorAppHostedServer20200420134456Plan": "empty"
                },
                "resourceGroup": "oscore-web",
                "defaultHostName": "blazorapphostedserver20200420134456.azurewebsites.net",
                "slotSwapStatus": {
                  "timestampUtc": "2020-04-24T05:54:56.935Z",
                  "sourceSlotName": "secondary",
                  "destinationSlotName": "Production"
                },
                "httpsOnly": true,
                "redundancyMode": 0,
                "inProgressOperationId": null,
                "geoDistributions": null,
                "privateEndpointConnections": [],
                "buildVersion": null,
                "targetBuildVersion": null
              },
              "identity": {
                "type": "SystemAssigned",
                "tenantId": "2db64882-e8b9-4e04-be43-dbb33ca5a260",
                "principalId": "4d28f8c9-bb6b-4be2-b87a-0d176ac9e868"
              },
              "apiVersion": "2015-05-01"
            }
          ]
        }
      }
    }
  ]
}